Time_in_hr,Concentration_in_nM,stdev
0,0,0
1,220.9979396,63.59835997
2,325.361062,84.35269156
4,201.7836219,88.31899106
8,318.738057,62.31611615
16,462.0075355,75.84061533