Time_in_hr,Concentration_in_muM,stdev
0,0.233028107,0.002777915
1,4.909714446,1.617179589
2,3.723398289,1.187036263
8,0.899654004,0.375777707
16,0.620516693,0.221460837